<elements.Component.Component object at 0x0000013FF1D10DF0>,<elements.Component.Component object at 0x0000013FF46A9A00>
<elements.Component.Component object at 0x0000013FEE51D1F0>,<elements.Component.Component object at 0x0000013FC49031C0>,<elements.Component.Component object at 0x0000013FC49033A0>,<elements.Component.Component object at 0x0000013FC4903790>,<elements.Component.Component object at 0x0000013FEE510A00>,<elements.Component.Component object at 0x0000013FEE510A90>
<elements.Component.Component object at 0x0000013FEE51D2E0>
<elements.Component.Component object at 0x0000013FEE51D100>,<elements.Component.Component object at 0x0000013FF1D100A0>,<elements.Component.Component object at 0x0000013FEE51D1C0>
<elements.Component.Component object at 0x0000013FEE51D280>
<elements.Component.Component object at 0x0000013FF46A95E0>
<elements.Component.Component object at 0x0000013FF46A9070>
<elements.Component.Component object at 0x0000013FF46A98B0>,<elements.Component.Component object at 0x0000013FF46A9880>
<elements.Component.Component object at 0x0000013FF46A96D0>
<elements.Component.Component object at 0x0000013FF1D16760>
<elements.Component.Component object at 0x0000013FF1D166A0>
<elements.Component.Component object at 0x0000013FF1D16610>,<elements.Component.Component object at 0x0000013FF1D16520>
<elements.Component.Component object at 0x0000013FF1D16430>,<elements.Component.Component object at 0x0000013FF1D163A0>
<elements.Component.Component object at 0x0000013FF1D16310>
<elements.Component.Component object at 0x0000013FF1D161F0>,<elements.Component.Component object at 0x0000013FF1D08E50>
<elements.Component.Component object at 0x0000013FF1D16070>
<elements.Component.Component object at 0x0000013FF1D16280>
<elements.Component.Component object at 0x0000013FF1D16130>,<elements.Component.Component object at 0x0000013FF1D10FD0>,<elements.Component.Component object at 0x0000013FF1D10F10>
<elements.Component.Component object at 0x0000013FF1D10E80>,<elements.Component.Component object at 0x0000013FF1D10D90>,<elements.Component.Component object at 0x0000013FF1D10D00>
<elements.Component.Component object at 0x0000013FF1D10C70>
<elements.Component.Component object at 0x0000013FF1D10BE0>,<elements.Component.Component object at 0x0000013FF1D10B20>,<elements.Component.Component object at 0x0000013FF1D10A60>
<elements.Component.Component object at 0x0000013FF1D109D0>,<elements.Component.Component object at 0x0000013FF1D10940>
<elements.Component.Component object at 0x0000013FF1D10820>
<elements.Component.Component object at 0x0000013FF1D108B0>
<elements.Component.Component object at 0x0000013FF1D106A0>
<elements.Component.Component object at 0x0000013FF1D10640>,<elements.Component.Component object at 0x0000013FF1D10580>
<elements.Component.Component object at 0x0000013FF1D10610>
<elements.Component.Component object at 0x0000013FF1D104F0>
<elements.Component.Component object at 0x0000013FF1D10400>,<elements.Component.Component object at 0x0000013FF1D10370>,<elements.Component.Component object at 0x0000013FF1D102E0>
<elements.Component.Component object at 0x0000013FF1D101C0>,<elements.Component.Component object at 0x0000013FF1D10250>,<elements.Component.Component object at 0x0000013FF1D100D0>
<elements.Component.Component object at 0x0000013FF1D10040>,<elements.Component.Component object at 0x0000013FF1D02E80>
<elements.Component.Component object at 0x0000013FF1D02F10>
<elements.Component.Component object at 0x0000013FF1D02D60>
<elements.Component.Component object at 0x0000013FF1D02DF0>,<elements.Component.Component object at 0x0000013FF1D02BE0>
<elements.Component.Component object at 0x0000013FF1D02BB0>,<elements.Component.Component object at 0x0000013FF1D02B50>
<elements.Component.Component object at 0x0000013FF1D02AC0>
<elements.Component.Component object at 0x0000013FF1D02A30>
<elements.Component.Component object at 0x0000013FF1D028B0>,<elements.Component.Component object at 0x0000013FF1D029A0>
<elements.Component.Component object at 0x0000013FF1D02790>,<elements.Component.Component object at 0x0000013FF1D02760>
<elements.Component.Component object at 0x0000013FF1D02700>
<elements.Component.Component object at 0x0000013FF1D02580>,<elements.Component.Component object at 0x0000013FF1D02670>
<elements.Component.Component object at 0x0000013FF1D02460>
<elements.Component.Component object at 0x0000013FF1D02430>
<elements.Component.Component object at 0x0000013FF1D023D0>
<elements.Component.Component object at 0x0000013FF1D02340>
<elements.Component.Component object at 0x0000013FF1D02250>
<elements.Component.Component object at 0x0000013FF1D021C0>,<elements.Component.Component object at 0x0000013FF1D02130>
<elements.Component.Component object at 0x0000013FF1D020A0>,<elements.Component.Component object at 0x0000013FEEB5CFD0>
<elements.Component.Component object at 0x0000013FEEB5CEE0>,<elements.Component.Component object at 0x0000013FEEB5CDC0>
<elements.Component.Component object at 0x0000013FEEB5CE50>
<elements.Component.Component object at 0x0000013FEEB5CD30>
<elements.Component.Component object at 0x0000013FEEB5CCA0>,<elements.Component.Component object at 0x0000013FEEB5CBB0>
<elements.Component.Component object at 0x0000013FEEB5C850>,<elements.Component.Component object at 0x0000013FEEB5C6A0>
<elements.Component.Component object at 0x0000013FEEB5C340>
<elements.Component.Component object at 0x0000013FF46A94F0>,<elements.Component.Component object at 0x0000013FEEB5C3A0>,<elements.Component.Component object at 0x0000013FF46A9940>,<elements.Component.Component object at 0x0000013FF46A9E20>
<elements.Component.Component object at 0x0000013FF46A9670>
<elements.Component.Component object at 0x0000013FF60D40D0>
<elements.Component.Component object at 0x0000013FF60D4130>
<elements.Component.Component object at 0x0000013FF60D41F0>,<elements.Component.Component object at 0x0000013FF60D4190>
<elements.Component.Component object at 0x0000013FF60D42B0>
<elements.Component.Component object at 0x0000013FF60D4310>,<elements.Component.Component object at 0x0000013FF60D4400>
<elements.Component.Component object at 0x0000013FF60D4340>,<elements.Component.Component object at 0x0000013FF60D43A0>
<elements.Component.Component object at 0x0000013FF60D4460>,<elements.Component.Component object at 0x0000013FF60D44C0>
<elements.Component.Component object at 0x0000013FF60D4520>
<elements.Component.Component object at 0x0000013FF60D4610>,<elements.Component.Component object at 0x0000013FF60D4580>
<elements.Component.Component object at 0x0000013FF60D46D0>,<elements.Component.Component object at 0x0000013FF60D4700>
<elements.Component.Component object at 0x0000013FF60D4730>
<elements.Component.Component object at 0x0000013FF60D4790>
<elements.Component.Component object at 0x0000013FF60D4850>
<elements.Component.Component object at 0x0000013FF60D47F0>
<elements.Component.Component object at 0x0000013FF60D48E0>,<elements.Component.Component object at 0x0000013FF60D4910>
<elements.Component.Component object at 0x0000013FF60D4970>,<elements.Component.Component object at 0x0000013FF60D49D0>
<elements.Component.Component object at 0x0000013FF60D4A30>,<elements.Component.Component object at 0x0000013FF60D4A90>
<elements.Component.Component object at 0x0000013FF60D4AF0>
<elements.Component.Component object at 0x0000013FF60D45B0>,<elements.Component.Component object at 0x0000013FF60D4B80>
<elements.Component.Component object at 0x0000013FF60D4C10>
<elements.Component.Component object at 0x0000013FF60D4C70>
<elements.Component.Component object at 0x0000013FF60D4CD0>
<elements.Component.Component object at 0x0000013FF60D4D30>
<elements.Component.Component object at 0x0000013FF60D4D90>,<elements.Component.Component object at 0x0000013FF60D4DF0>
<elements.Component.Component object at 0x0000013FF60D4E50>,<elements.Component.Component object at 0x0000013FF60D4940>,<elements.Component.Component object at 0x0000013FF60D4F40>
<elements.Component.Component object at 0x0000013FF60D4EB0>
<elements.Component.Component object at 0x0000013FF60D4FD0>
<elements.Component.Component object at 0x0000013FF60D48B0>
<elements.Component.Component object at 0x0000013FF1D08F70>
